{
    "src/addons/Bcat/Xencat/addon.json": "85dbb85ee8e103a1f7feaacc63eee00806551eb2259a3a3f935623963937d80d",
    "src/addons/Bcat/Xencat/Admin/Controller/Article.php": "7fc46e73e3971970fb4fa98c8a6c01b8a7405d39cd37b34d86be41809e1ca7b5",
    "src/addons/Bcat/Xencat/Admin/Controller/Category.php": "724f3c63d8109a765bd1d303ee6ba09e7bbee9ca2a3cbc0724ef073c512a1232",
    "src/addons/Bcat/Xencat/Admin/Controller/Feature.php": "e05d5091e1748df5780e416380585100db4e0d2106c275a566a46d0547b2cedf",
    "src/addons/Bcat/Xencat/Admin/Controller/Index.php": "9ab20cb2bbf8d52b158bd13b8a5557f557dd2caef202f01b98391c50e489e6e5",
    "src/addons/Bcat/Xencat/BbCode/Prebreak.php": "05927d164deed70d402356177a5afb2186be5dd3f92e189869d72b9ce3051bec",
    "src/addons/Bcat/Xencat/Entity/Article.php": "23c4a98f2b2bba593f310525a02a982a61f06c87a2a15abd38868588c226f4c0",
    "src/addons/Bcat/Xencat/Entity/Category.php": "7c62ec3e6bfe5164bd05564b3673b6f5520c70e0f4425471945df45322b28c3f",
    "src/addons/Bcat/Xencat/Entity/CatLink.php": "44a13703dbe1678c77c246331dfbf15653b76bea74197541a399bc99742dbf19",
    "src/addons/Bcat/Xencat/Entity/Feature.php": "fab82ebd83266d09584340e30d6c9d5b784e995b40a09bcb5803c9d9e9b0f010",
    "src/addons/Bcat/Xencat/Entity/Thread.php": "d378c9a70d763ace7258b19ad6f91a042b89999cd448cc34590a82a6cbc8e6fc",
    "src/addons/Bcat/Xencat/Finder/Article.php": "96c9549f2ac47b8c06cb1123e3dffb1de7c29976778e07853338197e4f865ccb",
    "src/addons/Bcat/Xencat/Finder/Feature.php": "9cf01a61984170e8ea18072216bdbb771ef4d6a8b65692613434bcbdcb9b1911",
    "src/addons/Bcat/Xencat/icon.png": "6d82ee0b2bac210a0967b5fdfa2843c647864c250c215532862329e2b6d1ebd4",
    "src/addons/Bcat/Xencat/Listener.php": "c8663562459b15d852c12cafbf35ab9443e77c4fbecbcdfe20595ad179eb2301",
    "src/addons/Bcat/Xencat/Pub/Controller/Article.php": "f5af58fb388fac6c01e2b0ba39552d0d5ac3207c66c35d5d8b776dc3cffc9095",
    "src/addons/Bcat/Xencat/Pub/Controller/Attachment.php": "5b8bc7307e2d41718107447f2a9568449c7e3c38836312125ffd866ff8407286",
    "src/addons/Bcat/Xencat/Pub/Controller/Category.php": "d995e7db798f3714f20ee320818fa9daebaaa3f5562675b9ec67411f35136e96",
    "src/addons/Bcat/Xencat/Pub/Controller/Forum.php": "50119b010a796c3900242f28ee7128893c4bc6ff544458dceeb2018153fcd250",
    "src/addons/Bcat/Xencat/Pub/Controller/Thread.php": "9d9f4b43e1e1bb5f2af8512de1170e5cd9e1cb102fa914e9e14144296bfc727d",
    "src/addons/Bcat/Xencat/Repository/Article.php": "3caeb48383fd883c575ab4e649a77add87e151699e5681de9645b5972563be71",
    "src/addons/Bcat/Xencat/Repository/Category.php": "5e1cfa9980930c8276f5bf08e863a74bee4d359ae8c63ccd3579a0e08846abd0",
    "src/addons/Bcat/Xencat/Repository/CatLink.php": "dfa1730961479b4798255b946b4be400c69a3fbfd6fd07d32301667fe5ace1fe",
    "src/addons/Bcat/Xencat/Repository/Feature.php": "acf7e480c266b346d8c08799583d856668cd3eeb76ade341645af36d6b34b6ef",
    "src/addons/Bcat/Xencat/Setup.php": "3b7a83bfc3931e671e2856f9763377a4a50fabead0468a67abe4bd064a17fc83",
    "src/addons/Bcat/Xencat/Widget/Articles.php": "ec94a909b9f7ee2aeb33d3ee939eac7252d5e97f78e1da80bf5e4714147b749a",
    "src/addons/Bcat/Xencat/Widget/Features.php": "1377a5d3fb16ea88866931bbaebd03c4055ce69ae127170e3c6ca8d8159a7202",
    "src/addons/Bcat/Xencat/_data/admin_navigation.xml": "c1776ef1750c7bbdfff1f5a728f75980e51b8fe835292097902105bd73f2537c",
    "src/addons/Bcat/Xencat/_data/admin_permission.xml": "89cf039c1b4fd3868dc5095d2be07d022b52443c2964155b9825a0655ee68cbb",
    "src/addons/Bcat/Xencat/_data/class_extensions.xml": "3cd27dd2b8a61d4af72a44965d57b6a73c13bce421dc94198dc387fcaaef3f94",
    "src/addons/Bcat/Xencat/_data/code_event_listeners.xml": "7b4cd5692b8b8e289f17bca3784aefa5f83c83a97faf85dec610527da0bda27a",
    "src/addons/Bcat/Xencat/_data/options.xml": "0048ef238cd13d51a70278104385c976c7f1a72a07649adbd2ebbd1d8cb7ed29",
    "src/addons/Bcat/Xencat/_data/option_groups.xml": "537b0b08dcd677fdd25b674d820a8931b5d1754e24727e9efb170d499430ede1",
    "src/addons/Bcat/Xencat/_data/permissions.xml": "0b2f7880a9d86dae341a29e835f5e6c1b196a3797cedda4fa344cfd1b57cf899",
    "src/addons/Bcat/Xencat/_data/permission_interface_groups.xml": "785abfdd8bef150a39b856bd98ffa86e6e7de528a41d070b767eef0f458b5694",
    "src/addons/Bcat/Xencat/_data/phrases.xml": "dddfd8065417eac544a995f0f35e73a011bb11ee42b71789dfb03acfec7849b5",
    "src/addons/Bcat/Xencat/_data/routes.xml": "7ebbee7484ef65745156314c4565d05c4c928270956718e6884f5295a9960aca",
    "src/addons/Bcat/Xencat/_data/style_properties.xml": "3341607a0b02183c2de80653b612769547c408b96738da9116c188e67b4f47ee",
    "src/addons/Bcat/Xencat/_data/style_property_groups.xml": "39716f7bd965884289e95ddc38bbbcee7b17e9903aebb2697ee58d3e50896641",
    "src/addons/Bcat/Xencat/_data/templates.xml": "adf624bcb87100659af1feb09b206726659e01c4ea011f1ff4b1d578f6e280ad",
    "src/addons/Bcat/Xencat/_data/template_modifications.xml": "da9caf33235c84cb96807d9fd1c520d242df4374e1f8e08b51d7402bea2e42ae",
    "src/addons/Bcat/Xencat/_data/widget_definitions.xml": "f3b828829db0af23a141222a277d500b597fc0f45fe3567713ac7cf5093854ef",
    "src/addons/Bcat/Xencat/_data/widget_positions.xml": "4c70ce071f79126aafd0e4b19458076f011db1950ea56937cc3c49874229dbc5"
}