{
    "src/addons/Bcat/Xencat/addon.json": "8ec752aad3e9985b390968a1d1ac9757dbccf368afb825658cd6bb79e4e2dd30",
    "src/addons/Bcat/Xencat/Admin/Controller/Article.php": "7fc46e73e3971970fb4fa98c8a6c01b8a7405d39cd37b34d86be41809e1ca7b5",
    "src/addons/Bcat/Xencat/Admin/Controller/Category.php": "724f3c63d8109a765bd1d303ee6ba09e7bbee9ca2a3cbc0724ef073c512a1232",
    "src/addons/Bcat/Xencat/Admin/Controller/Feature.php": "e05d5091e1748df5780e416380585100db4e0d2106c275a566a46d0547b2cedf",
    "src/addons/Bcat/Xencat/Admin/Controller/Index.php": "9ab20cb2bbf8d52b158bd13b8a5557f557dd2caef202f01b98391c50e489e6e5",
    "src/addons/Bcat/Xencat/BbCode/Prebreak.php": "05927d164deed70d402356177a5afb2186be5dd3f92e189869d72b9ce3051bec",
    "src/addons/Bcat/Xencat/Entity/Article.php": "23c4a98f2b2bba593f310525a02a982a61f06c87a2a15abd38868588c226f4c0",
    "src/addons/Bcat/Xencat/Entity/Category.php": "7c62ec3e6bfe5164bd05564b3673b6f5520c70e0f4425471945df45322b28c3f",
    "src/addons/Bcat/Xencat/Entity/CatLink.php": "44a13703dbe1678c77c246331dfbf15653b76bea74197541a399bc99742dbf19",
    "src/addons/Bcat/Xencat/Entity/Feature.php": "1c5367f5065f83c0dbb308181ee6139f07a95a07d3058eea0763673433759992",
    "src/addons/Bcat/Xencat/Entity/Thread.php": "bbb2115328a65f6dab4bfff66a049f884a5266b9c9f35f9e422013997bc44786",
    "src/addons/Bcat/Xencat/Finder/Article.php": "96c9549f2ac47b8c06cb1123e3dffb1de7c29976778e07853338197e4f865ccb",
    "src/addons/Bcat/Xencat/Finder/Feature.php": "9cf01a61984170e8ea18072216bdbb771ef4d6a8b65692613434bcbdcb9b1911",
    "src/addons/Bcat/Xencat/icon.png": "6d82ee0b2bac210a0967b5fdfa2843c647864c250c215532862329e2b6d1ebd4",
    "src/addons/Bcat/Xencat/Listener.php": "c8663562459b15d852c12cafbf35ab9443e77c4fbecbcdfe20595ad179eb2301",
    "src/addons/Bcat/Xencat/Pub/Controller/Article.php": "8573e3941a43f890e08efc417d88cfe912edf534ff7c67cb8902b2cb22ce644b",
    "src/addons/Bcat/Xencat/Pub/Controller/Attachment.php": "f3d632f4ea202923cd99b3dcba6a7eb84c83e612fa778c10628a55fc372e3420",
    "src/addons/Bcat/Xencat/Pub/Controller/Category.php": "57e9f30a3c194f9fc28768f6bb9c317ecacfbc53f2986b4c66c6e5d5bbac51f3",
    "src/addons/Bcat/Xencat/Pub/Controller/Forum.php": "50119b010a796c3900242f28ee7128893c4bc6ff544458dceeb2018153fcd250",
    "src/addons/Bcat/Xencat/Pub/Controller/Thread.php": "63c0adfa521203699d0fba1d956fe9b9469370c827638bd74ca74aafe9bc6ef3",
    "src/addons/Bcat/Xencat/Repository/Article.php": "ad3ba1b50ea307d938d7bd9170b6dc2123a988706ceca9f9bcd02c80c952ed47",
    "src/addons/Bcat/Xencat/Repository/Category.php": "5e1cfa9980930c8276f5bf08e863a74bee4d359ae8c63ccd3579a0e08846abd0",
    "src/addons/Bcat/Xencat/Repository/CatLink.php": "dfa1730961479b4798255b946b4be400c69a3fbfd6fd07d32301667fe5ace1fe",
    "src/addons/Bcat/Xencat/Repository/Feature.php": "5c157c472c1a56ce06f6b5b1a9ee8f8d64a5a5cb70c99ed046a341ef2aef8664",
    "src/addons/Bcat/Xencat/Setup.php": "3b7a83bfc3931e671e2856f9763377a4a50fabead0468a67abe4bd064a17fc83",
    "src/addons/Bcat/Xencat/Widget/Articles.php": "ec94a909b9f7ee2aeb33d3ee939eac7252d5e97f78e1da80bf5e4714147b749a",
    "src/addons/Bcat/Xencat/Widget/Features.php": "1377a5d3fb16ea88866931bbaebd03c4055ce69ae127170e3c6ca8d8159a7202",
    "src/addons/Bcat/Xencat/_data/admin_navigation.xml": "c1776ef1750c7bbdfff1f5a728f75980e51b8fe835292097902105bd73f2537c",
    "src/addons/Bcat/Xencat/_data/admin_permission.xml": "89cf039c1b4fd3868dc5095d2be07d022b52443c2964155b9825a0655ee68cbb",
    "src/addons/Bcat/Xencat/_data/class_extensions.xml": "3cd27dd2b8a61d4af72a44965d57b6a73c13bce421dc94198dc387fcaaef3f94",
    "src/addons/Bcat/Xencat/_data/code_event_listeners.xml": "f687190d5e52bd74de506fff069f445e6e3da04b5ff1bf0edb96417007acd431",
    "src/addons/Bcat/Xencat/_data/navigation.xml": "2b6e0f57660ec007ab4c47338ae0a94889dbe8d54f9705eab7b2dc75615b53e6",
    "src/addons/Bcat/Xencat/_data/options.xml": "307d512b85b5ecd30c856bbbc63aa0d749c6b46d69c277db70058761e1d9dd86",
    "src/addons/Bcat/Xencat/_data/option_groups.xml": "537b0b08dcd677fdd25b674d820a8931b5d1754e24727e9efb170d499430ede1",
    "src/addons/Bcat/Xencat/_data/permissions.xml": "0b2f7880a9d86dae341a29e835f5e6c1b196a3797cedda4fa344cfd1b57cf899",
    "src/addons/Bcat/Xencat/_data/permission_interface_groups.xml": "785abfdd8bef150a39b856bd98ffa86e6e7de528a41d070b767eef0f458b5694",
    "src/addons/Bcat/Xencat/_data/phrases.xml": "c21f265ccd3b2d034387b1b1a1f2f85c2a4d34b4c7bf3d36d85825295fb01462",
    "src/addons/Bcat/Xencat/_data/routes.xml": "7ebbee7484ef65745156314c4565d05c4c928270956718e6884f5295a9960aca",
    "src/addons/Bcat/Xencat/_data/style_properties.xml": "50da103ee05c93dfed71f015bd784867be26c16c6a4a8a9b078d87677c2d9ccc",
    "src/addons/Bcat/Xencat/_data/style_property_groups.xml": "39716f7bd965884289e95ddc38bbbcee7b17e9903aebb2697ee58d3e50896641",
    "src/addons/Bcat/Xencat/_data/templates.xml": "75b683eecaef9b1a8352c493b8cb825f2cb2970fd98dc11a780b7a64b141a294",
    "src/addons/Bcat/Xencat/_data/template_modifications.xml": "20b8380e98fd5fa523045bb5a7bef5dc4f63e7f1f050d82bb43e752c604f0d79",
    "src/addons/Bcat/Xencat/_data/widget_definitions.xml": "f3b828829db0af23a141222a277d500b597fc0f45fe3567713ac7cf5093854ef",
    "src/addons/Bcat/Xencat/_data/widget_positions.xml": "4c70ce071f79126aafd0e4b19458076f011db1950ea56937cc3c49874229dbc5"
}